Fabricante;Producto;Tipo Licencia;Licencia Metrica;Precio;Moneda
Adobe;Creative Cloud for teams All Apps;Suscripción;usuario;973,8600;USD
Adobe;Photoshop for teams;Suscripción;usuario;445,4500;USD
Adobe;Acrobat Pro for Teams;Suscripción;usuario;170,4500;USD
Adobe;Illustrator for teams;Suscripción;usuario;445,4500;USD
Adobe;Dreamweaver for teams;Suscripción;usuario;445,4500;USD
Adobe;Acrobat Sign Solutions for enterprise Transactions - AWS;Suscripción;Transacciones Anuales;0,8900;USD
Adobe;All Apps - Edition 4;Suscripción;usuario;970,0000;USD
Adobe;Dreamweaver Enterprise (Single Apps);Suscripción;usuario;450,0000;USD
Adobe;Photoshop Enterprise (Single Apps);Suscripción;usuario;450,0000;USD
Adobe;Acrobat Studio;Suscripción;usuario;186,0000;USD
Adobe;Illustrator Enterprise (Single Apps);Suscripción;usuario;445,4500;USD
Atlassian;Issue Checklist for Jira. Pro;Suscripción;usuario;5,0600;USD
Atlassian;Jira (Cloud) Enterprise;Suscripción;usuario;140,5800;USD
Autodesk;AutoCAD LT Comercial New Single-User Subcription;Suscripción;usuario;6155,0000;BRL
Google;Google Analytics 360 G4;Suscripción;Eventos por mes;160560,0000;USD
Google;Business Standard;Suscripción;usuario;168,0000;USD
Google;Presence Management ;Suscripción;Servidores;107,0000;USD
Google;Review Management;Suscripción;Servidores;83,0200;USD
Google;Competitive  Benchmark;Suscripción;Servidores;53,5000;USD
IBM;IBM MQ Processor Value Unit (PVU) Annual SW Subscription & Support Renewal;Suscripción;PVU;29,7200;USD
IBM;IBM Planning Analytics;Suscripción;usuario;20086000,0000;CLP
Microsoft;SQLSvrStdCore ALNG LicSAPk MVL 2Lic CoreLic;Perpétua;Core;3047,4400;USD
Microsoft;SQLSvrStdCore ALNG LicSAPk MVL 2Lic CoreLic;Perpétua;Core;3601,5100;USD
Microsoft;SQLSvrStdCore ALNG LicSAPk MVL 2Lic CoreLic;Perpétua;Core;23185,0000;BRL
Microsoft;SQLSvrStdCore ALNG LicSAPk MVL 2Lic CoreLic;Perpétua;Core;4500,0000;USD
Microsoft;Power Apps per app plan;Suscripción;usuario;52,8000;USD
Microsoft;Power Apps per User plan;Suscripción;Cantidad/Usuario;211,2000;USD
Microsoft;Power Automate Process Sub;Suscripción;Dispositivo;726,0000;USD
Microsoft;M365 F3 FUSL Sub Per User;Suscripción;Cantidad/Usuario;41,0400;USD
Microsoft;D365 Contact Center Digital Sub Per  User;Suscripción;usuario;781,6600;USD
Microsoft;D365 Contact Center Sub Per User;Suscripción;usuario;905,0800;USD
Microsoft;D365 Contact Center Voice Sub Per  User;Suscripción;usuario;781,6600;USD
Microsoft;D365 Customer Insights Attach Sub;Suscripción;Dispositivo;4840,0000;USD
Microsoft;D365 Customer Insights Journeys T2  Interacted People Sub Add-on;Suscripción;Dispositivo;1452,0000;USD
Microsoft;M365 E3 Unified Existing Customer Sub Per User;Suscripción;Cantidad/Usuario;380,1600;USD
Microsoft;O365 E1 Existing Customer Sub Per User;Suscripción;Cantidad/Usuario;25,3200;USD
Microsoft;M365 F1 Sub Per User - TFM;Suscripción;Cantidad/Usuario;11,5200;USD
Microsoft;Visual Studio Test Pro MSDN ALNG SA;Suscripción;Cantidad/Usuario;304,8000;USD
Microsoft;Win Remote Desktop Services CAL ALng LSA DCAL;Suscripción;Por Definir;62,2800;USD
Microsoft;Win Remote Desktop Services CAL ALng SA DCAL;Suscripción;Por Definir;26,6800;USD
Microsoft;Project Standard ALNG SA;Suscripción;Cantidad/Usuario;127,4400;USD
Microsoft;Visio Standard ALNG SA;Suscripción;No aplica;58,0800;USD
Microsoft;Visual Studio Ent MSDN ALNG SA;Suscripción;Cantidad/Usuario;1058,8800;USD
Microsoft;Copilot Studio Sub (Messages);Suscripción;Eventos por mes;2280,0000;USD
Microsoft;Core Cal ALNG LSA DCAL;Suscripción;Cantidad/Usuario;77,3200;USD
Microsoft;Core Cal ALNG SA DCAL;Suscripción;Cantidad/Usuario;38,0400;USD
Microsoft;Planner P1 Sub Per User;Suscripción;Cantidad/Usuario;901,3400;BRL
Microsoft;Planner P1 Sub Per User;Suscripción;Cantidad/Usuario;104,7200;USD
Microsoft;Planner P1 Sub Per User;Suscripción;Cantidad/Usuario;157,0800;USD
Microsoft;M365 Copilot Sub Add-on;Suscripción;Cantidad/Usuario;600,0000;USD
Microsoft;Teams Premium Introductory Pricing Sub Per User;Suscripción;Cantidad/Usuario;73,9200;USD
Microsoft;GitHub Enterprise Sub Per User;Suscripción;Cantidad/Usuario;282,8000;USD
Microsoft;GitHub Enterprise Sub Per User;Suscripción;Cantidad/Usuario;254,5200;USD
Microsoft;M365 Copilot Sub Add-on;Suscripción;Cantidad/Usuario;2188,5000;BRL
Microsoft;M365 Copilot Sub Add-on;Suscripción;Cantidad/Usuario;360,0000;USD
Microsoft;M365 Copilot Sub Add-on;Suscripción;Cantidad/Usuario;364,7400;USD
Microsoft;M365 Copilot Sub Add-on;Suscripción;Cantidad/Usuario;364,7400;USD
Microsoft;GitHub Enterprise Sub Per User;Suscripción;Cantidad/Usuario;169,6800;USD
Microsoft;GitHub Enterprise Sub Per User;Suscripción;Cantidad/Usuario;191,0000;USD
Microsoft;GitHub Enterprise Sub Per User;Suscripción;Cantidad/Usuario;191,0000;USD
Microsoft;GitHub Enterprise Sub Per User;Suscripción;Cantidad/Usuario;254,5200;USD
Microsoft;GitHub Enterprise Sub Per User;Suscripción;Cantidad/Usuario;1157,4000;BRL
Microsoft;M365 E3 Unified Sub Per User;Suscripción;Cantidad/Usuario;385,2000;USD
Microsoft;M365 E3 Unified Sub Per User;Suscripción;Cantidad/Usuario;380,1600;USD
Microsoft;Win Server Standard Core ALng Sub 16L;Suscripción;Servidores;251,0400;USD
Microsoft;SQL Server Standard Core ALng Sub 2L;Perpétua;Core;6319,9500;BRL
Microsoft;SQL Server Standard Core ALng Sub 2L;Suscripción;Core;925,8000;USD
Microsoft; SQL Server Enterprise Core ALng Sub 2L;Suscripción;Core;3550,0800;USD
Microsoft; SQL Server Enterprise Core ALng Sub 2L;Suscripción;Core;3596,2800;USD
Microsoft;Biztalk Svr Ent ALng Sub 2 Lic Core Lic;Suscripción;Servidores;432,6000;USD
Microsoft;M365 E3 Unified Sub Per User;Suscripción;Cantidad/Usuario;380,1600;USD
Microsoft;M365 E3 Unified Sub Per User;Suscripción;Cantidad/Usuario;2311,0100;BRL
Microsoft;M365 E3 Unified Sub Per User;Suscripción;Cantidad/Usuario;385,2000;USD
Microsoft;M365 F1 Sub Per User;Suscripción;Cantidad/Usuario;11,6400;USD
Microsoft;M365 F1 Sub Per User;Suscripción;Cantidad/Usuario;11,6400;USD
Microsoft;M365 F1 Sub Per User;Suscripción;Cantidad/Usuario;11,5200;USD
Microsoft; SQL Server Enterprise Core ALng Sub 2L;Suscripción ;Core;332,0000;USD
Microsoft; SQL Server Enterprise Core ALng Sub 2L;Suscripción;Core;295,8400;USD
Microsoft; SQL Server Enterprise Core ALng Sub 2L;Suscripción;Core;24233,7900;BRL
Microsoft;Azure Active Directory Premium P2 SU AADP P1;Suscripción;Cantidad/Usuario;19,0800;USD
Microsoft;Azure Active Directory Premium P2 SU AADP P1;Suscripción;Cantidad/Usuario;19,0800;USD
Microsoft;Azure Active Directory Premium P2 SU AADP P1;Suscripción;Cantidad/Usuario;18,8400;USD
Microsoft;Azure Active Directory Premium P2 SU AADP P1;Suscripción;Cantidad/Usuario;18,8400;USD
Microsoft;M365 F1 Sub Per User;Suscripción;Cantidad/Usuario;75,3700;BRL
Microsoft;M365 F1 Sub Per User;Suscripción;Cantidad/Usuario;11,5200;USD
Microsoft;Teams Rooms Pro Sub Per Device;Suscripción;Cantidad/Usuario;320,8800;USD
Microsoft;Teams Rooms Pro Sub Per Device;Suscripción;Cantidad/Usuario;320,8800;USD
Microsoft;Teams Rooms Pro Sub Per Device;Suscripción;Cantidad/Usuario;316,8000;USD
Microsoft;Teams Rooms Pro Sub Per Device;Suscripción;Cantidad/Usuario;316,8000;USD
Microsoft;Azure Active Directory Premium P2 SU AADP P1;Suscripción;Cantidad/Usuario;43,9100;BRL
Microsoft;Azure Active Directory Premium P2 SU AADP P1;Suscripción;Cantidad/Usuario;18,8400;USD
Microsoft;Power Automate Sub Per User;Suscripción;usuario;158,4000;USD
Microsoft;Power Automate Sub Per User;Suscripción;usuario;158,4000;USD
Microsoft;Power Apps Portal Login T1 Sub Add-;Suscripción;Servidores;2112,0000;USD
Microsoft;CDS Database Capacity Sub Add-on;Suscripción;Servidores;422,4000;USD
Microsoft;Teams Rooms Pro Sub Per Device;Suscripción;Cantidad/Usuario;2071,5900;BRL
Microsoft;Teams Rooms Pro Sub Per Device;Suscripción;Cantidad/Usuario;316,8000;USD
Microsoft; GitHub Advanced Security;Suscripción;usuario;692,7900;USD
Microsoft; GitHub Advanced Security;Suscripción;usuario;659,8000;USD
Microsoft; GitHub Advanced Security;Suscripción;usuario;593,8200;USD
Microsoft;Chatsession frVrtlAgnt Shared All Lng Subs VL MVL LmtdTimeOff Addon 1K sessions;Suscripción;Cantidad/Usuario;1056,0000;USD
Microsoft; GitHub Advanced Security;Suscripción;usuario;395,8800;USD
Microsoft; GitHub Advanced Security;Suscripción;usuario;445,5900;USD
Microsoft;Intune USL;Suscripción;usuario;12,2400;USD
Microsoft;Intune USL;Suscripción;usuario;12,2400;USD
Microsoft;Intune USL;Suscripción;usuario;12,2400;USD
Microsoft; GitHub Advanced Security;Suscripción;usuario;2700,0000;BRL
Microsoft;Power Bi Premium P2;Suscripción;espacio de instalacion APP;89715,1200;USD
Microsoft;Intune USL;Suscripción;usuario;79,8000;BRL
Microsoft;Intune USL;Suscripción;usuario;12,2400;USD
Microsoft;Intune USL;Suscripción;usuario;12,3600;USD
Microsoft;Intune USL;Suscripción;usuario;12,3600;USD
Microsoft;Dyn365 Customer Service Digital Messaging Sub AO Per User;Suscripción;usuario;237,3600;USD
Microsoft;Dyn365E Team Members Sub Per User;Suscripción;usuario;25,4400;USD
Microsoft;Power Automate Unattended RPA AO Sub Per Bot;Suscripción;Cantidad/Usuario;1584,0000;USD
Microsoft; D365 Sales Sub Per User;Suscripción;usuario;672,2400;USD
Microsoft;WinRmtDsktpSrvcsCAL ALNG SubsVL MVL PerUsr;Suscripción;Servidores;233,6900;BRL
Microsoft; VSProSubMSDN ALNG LicSAPk MVL;Perpétua;usuario;322,2000;USD
Microsoft;Defender Cloud Apps Sub Per User;Suscripción;Cantidad/Usuario;18,8400;USD
Microsoft;Power Virtual Agent;Suscripción;usuario;10560,0000;USD
Microsoft;Dyn365E Customer Services PerUsr;Suscripción;usuario;114,0000;USD
Microsoft;WinRmtDsktpSrvcsCAL ALNG SA MVL DvcCAL;Perpétua;Servidores;25,8900;USD
Microsoft;Power Bi Premium P1;Perpétua;espacio de instalacion APP;48571,3800;USD
Microsoft;WinRmtDsktpSrvcsCAL ALNG SubsVL MVL PerUsr;Suscripción;Servidores;37,3200;USD
Microsoft;WinRmtDsktpSrvcsCAL ALNG SubsVL MVL PerUsr;Suscripción;Servidores;37,3200;USD
Microsoft;WinSvrSTDCore ALNG SA MVL 2Lic CoreLic;Perpétua;usuario;21,2500;USD
Microsoft;WinSvrSTDCore ALNG SA MVL 2Lic CoreLic;Perpétua;usuario;22,1200;USD
Microsoft;WinSvrSTDCore ALNG SA MVL 2Lic CoreLic;Perpétua;usuario;22,1200;USD
Microsoft;WinRmtDsktpSrvcsCAL ALNG SA MVL DvcCAL;Perpétua;Servidores;25,5600;USD
Microsoft;WinRmtDsktpSrvcsCAL ALNG SA MVL DvcCAL;Perpétua;Servidores;25,5600;USD
Microsoft;WinRmtDsktpSrvcsCAL ALNG SA MVL DvcCAL;Perpétua;Servidores;25,8900;USD
Microsoft;WinSvrDCCore ALNG SA MVL 2Lic CoreLic;Perpétua;Core;120,9000;USD
Microsoft;WinSvrDCCore ALNG SA MVL 2Lic CoreLic;Perpétua;Core;701,2500;BRL
Microsoft;WinSvrDCCore ALNG SA MVL 2Lic CoreLic;Perpétua;Core;105,0900;USD
Microsoft;WinSvrDCCore ALNG SA MVL 2Lic CoreLic;Perpétua;Core;125,9400;USD
Microsoft;WinSvrSTDCore ALNG SA MVL 2Lic CoreLic;Perpétua;usuario;21,2500;USD
Microsoft;WinSvrSTDCore ALNG SA MVL 2Lic CoreLic;Perpétua;usuario;145,0300;BRL
Microsoft;SQLSvrEntCore ALNG SA MVL 2Lic CoreLic;Perpétua;Core;2845,1100;USD
Microsoft;SQLSvrEntCore ALNG SA MVL 2Lic CoreLic;Perpétua;Core;2405,4600;USD
Microsoft;SQLSvrStdCore ALNG SA MVL 2Lic CoreLic;Perpétua;Core;619,2300;USD
Microsoft;SQLSvrStdCore ALNG SA MVL 2Lic CoreLic;Perpétua;Core;4227,0800;BRL
Microsoft;SQLSvrStdCore ALNG SA MVL 2Lic CoreLic;Perpétua;Core;619,2300;USD
Microsoft;SQLSvrStdCore ALNG SA MVL 2Lic CoreLic;Perpétua;Core;627,2800;USD
Microsoft;Power BI Pro;Suscripción;Cantidad/Usuario;85,2000;USD
Microsoft;Power BI Pro;Suscripción;usuario;92,3000;USD
Microsoft;Power BI Pro;Suscripción;Cantidad/Usuario;136,6100;USD
Microsoft;SQLSvrEntCore ALNG SA MVL 2Lic CoreLic;Perpétua;Core;2374,5900;USD
Microsoft;SQLSvrEntCore ALNG SA MVL 2Lic CoreLic;Perpétua;Core;16209,2700;BRL
Microsoft;SQLSvrEntCore ALNG SA MVL 2Lic CoreLic;Perpétua;Core;2374,5900;USD
Microsoft;Power BI Pro;Suscripción;Cantidad/Usuario;556,9000;BRL
Microsoft;Power BI Pro;Suscripción;Cantidad/Usuario;85,2000;USD
Microsoft;Power BI Pro;Suscripción;Cantidad/Usuario;86,2800;USD
Microsoft;Power BI Pro;Suscripción;Cantidad/Usuario;85,2000;USD
Microsoft;O365E1 ShrdSvr ALNG SubsVL MVL PerUsr;Suscripción;Cantidad/Usuario;25,3200;USD
Microsoft;O365E1 ShrdSvr ALNG SubsVL MVL PerUsr;Suscripción;Cantidad/Usuario;25,3200;USD
Microsoft;O365E1 ShrdSvr ALNG SubsVL MVL PerUsr;Suscripción;Cantidad/Usuario;14,9800;USD
Microsoft;O365E1 ShrdSvr ALNG SubsVL MVL PerUsr;Suscripción;Cantidad/Usuario;25,6800;USD
Microsoft;O365E1 ShrdSvr ALNG SubsVL MVL PerUsr;Suscripción;Cantidad/Usuario;262,3900;BRL
Microsoft;O365E1 ShrdSvr ALNG SubsVL MVL PerUsr;Suscripción;Cantidad/Usuario;25,3200;USD
Microsoft;O365E1 ShrdSvr ALNG SubsVL MVL PerUsr;Suscripción;Cantidad/Usuario;25,6800;USD
Microsoft;O365E1 ShrdSvr ALNG SubsVL MVL PerUsr;Suscripción;Cantidad/Usuario;25,3200;USD
Microsoft;EOA Exchange Online Sub Per User;Suscripción;Cantidad/Usuario;52,6300;BRL
Microsoft;ExchgSvrStd ALNG SA MVL;Perpétua;Servidores;144,6000;USD
Microsoft;ExchgSvrStd ALNG SA MVL;Perpétua;Servidores;987,2000;BRL
Microsoft;ExchgSvrStd ALNG SA MVL;Suscripción;Servidores;144,6000;USD
Microsoft;ExchgSvrStd ALNG SA MVL;Perpétua;Servidores;146,4800;USD
Microsoft;EOA Exchange Online Sub Per User;Suscripción;Cantidad/Usuario;5,1600;USD
Microsoft;EOA Exchange Online Sub Per User;Suscripción;Cantidad/Usuario;5,0400;USD
Microsoft;EOA Exchange Online Sub Per User;Suscripción;Cantidad/Usuario;5,0400;USD
Microsoft;EOA Exchange Online Sub Per User;Suscripción;Cantidad/Usuario;5,0400;USD
Microsoft;EOA Exchange Online Sub Per User;Suscripción;Cantidad/Usuario;3,0100;USD
Microsoft;EOA Exchange Online Sub Per User;Suscripción;Cantidad/Usuario;5,1600;USD
Microsoft;EOA Exchange Online Sub Per User;Suscripción;Cantidad/Usuario;5,0400;USD
Microsoft;CoreCALBridgeO365FromSA ALNG SubsVL MVL PerUsr;Suscripción;Cantidad/Usuario;14,1600;USD
Microsoft;CoreCALBridgeO365FromSA ALNG SubsVL MVL PerUsr;Suscripción;Cantidad/Usuario;14,1600;USD
Microsoft;CoreCALBridgeO365FromSA ALNG SubsVL MVL PerUsr;Suscripción;Cantidad/Usuario;13,9200;USD
Microsoft;CoreCALBridgeO365FromSA ALNG SubsVL MVL PerUsr;Suscripción;Cantidad/Usuario;13,9200;USD
Microsoft;CoreCALBridgeO365FromSA ALNG SubsVL MVL PerUsr;Suscripción;Cantidad/Usuario;8,2600;USD
Microsoft;CoreCALBridgeO365 ALNG SubsVL MVL PerUsr;Suscripción;usuario;26,0300;USD
Microsoft;CoreCALBridgeO365 ALNG SubsVL MVL PerUsr;Suscripción;usuario;186,8000;BRL
Microsoft;CoreCALBridgeO365FromSA ALNG SubsVL MVL PerUsr;Suscripción;Cantidad/Usuario;112,1200;BRL
Microsoft;CoreCALBridgeO365FromSA ALNG SubsVL MVL PerUsr;Suscripción;Cantidad/Usuario;13,9200;USD
Microsoft;CoreCALBridgeO365FromSA ALNG SubsVL MVL PerUsr;Suscripción;Cantidad/Usuario;13,9200;USD
Microsoft;CoreCALBridgeO365 ALNG SubsVL MVL PerUsr;Suscripción;usuario;16,6800;USD
Microsoft;CoreCALBridgeO365 ALNG SubsVL MVL PerUsr;Suscripción;usuario;21,9200;USD
Microsoft;CoreCALBridgeO365 ALNG SubsVL MVL PerUsr;Suscripción;usuario;27,4000;USD
Microsoft;CoreCALBridgeO365 ALNG SubsVL MVL PerUsr;Suscripción;usuario;25,0200;USD
Microsoft;CoreCALBridgeO365 ALNG SubsVL MVL PerUsr;Suscripción;usuario;16,6800;USD
Microsoft;CoreCALBridgeO365 ALNG SubsVL MVL PerUsr;Suscripción;usuario;26,0300;USD
Microsoft;O365E3 ShrdSvr ALNG SubsVL MVL PerUsr;Suscripción;usuario;1244,0000;BRL
Microsoft;O365E3 ShrdSvr ALNG SubsVL MVL PerUsr;Suscripción;usuario;180,6900;USD
Microsoft;PowerAutomateperFlowplan;Suscripción;Cantidad/Usuario;1056,0000;USD
Microsoft;O365E3 ShrdSvr ALNG SubsVL MVL PerUsr;Suscripción;usuario;173,3400;USD
Microsoft;O365E3 ShrdSvr ALNG SubsVL MVL PerUsr;Suscripción;usuario;192,6000;USD
Microsoft;O365E3 ShrdSvr ALNG SubsVL MVL PerUsr;Suscripción;usuario;152,1600;USD
Microsoft;O365E3 ShrdSvr ALNG SubsVL MVL PerUsr;Suscripción;usuario;190,2000;USD
Microsoft;O365E3 ShrdSvr ALNG SubsVL MVL PerUsr;Suscripción;usuario;180,6900;USD
Microsoft;O365E3 ShrdSvr ALNG SubsVL MVL PerUsr;Suscripción;usuario;182,9700;USD
Microsoft;M365AppsForEnterprisePerDevice ShrdSvr;Suscripción;Dispositivo;73,6800;USD
Microsoft;M365AppsForEnterprisePerDevice ShrdSvr;Suscripción;Dispositivo;73,6800;USD
Microsoft;M365AppsForEnterprisePerDevice ShrdSvr;Suscripción;Dispositivo;73,6800;USD
Microsoft;Defender for Endpoint Server ;Suscripción;Dispositivo;14,8800;USD
Microsoft;Defender for Endpoint Server ;Suscripción;Dispositivo;14,8800;USD
Microsoft;M365AppsForEnterprisePerDevice ShrdSvr;Suscripción;Dispositivo;482,1100;BRL
Microsoft;M365AppsForEnterprisePerDevice ShrdSvr;Suscripción;Dispositivo;73,6800;USD
Microsoft;M365AppsForEnterprisePerDevice ShrdSvr;Suscripción;Dispositivo;74,6400;USD
Microsoft;M365AppsForEnterprisePerDevice ShrdSvr;Suscripción;Dispositivo;74,6400;USD
Microsoft;Defender for Endpoint Per Device;Suscripción;Cantidad/Usuario;14,8800;USD
Microsoft;Defender for Endpoint Server ;Suscripción;Dispositivo;97,1100;BRL
Microsoft;Defender for Endpoint Server ;Suscripción;Dispositivo;14,8800;USD
Microsoft;Defender for Endpoint Server ;Suscripción;Dispositivo;15,1200;USD
Microsoft;Defender for Endpoint Server ;Suscripción;Dispositivo;15,1200;USD
Microsoft;Defender for Endpoint Server ;Suscripción;Dispositivo;14,8800;USD
Microsoft;Defender for Endpoint Per Device;Suscripción;Cantidad/Usuario;14,8800;USD
Microsoft;Defender for Endpoint Per Device;Suscripción;Cantidad/Usuario;15,1200;USD
Microsoft;Defender for Endpoint Per Device;Suscripción;Cantidad/Usuario;15,1200;USD
Microsoft;Defender for Endpoint Per Device;Suscripción;Cantidad/Usuario;14,8800;USD
Microsoft;Defender for Endpoint Per Device;Suscripción;Cantidad/Usuario;14,8800;USD
Microsoft;Azure Active Directory Premium P2;Suscripción;usuario;30,6000;USD
Microsoft;Azure Active Directory Premium P2;Suscripción;usuario;31,9200;USD
Microsoft;Azure Active Directory Premium P2;Suscripción;usuario;220,0000;USD
Microsoft;Azure Active Directory Premium P2;Suscripción;usuario;31,9200;USD
Microsoft;Defender for Endpoint Per Device;Suscripción;Cantidad/Usuario;110,2700;BRL
Microsoft;Azure Active Directory Premium P2;Suscripción;usuario;20,4000;USD
Microsoft;Azure Active Directory Premium P2;Suscripción;usuario;20,4000;USD
Microsoft;Azure Active Directory Premium P2;Suscripción;usuario;26,8800;USD
Microsoft;Azure Active Directory Premium P2;Suscripción;usuario;33,6000;USD
Microsoft;Defender for O365 Plan 2 ;Suscripción;Cantidad/Usuario;10,2400;USD
Microsoft;Defender for O365 Plan 2 ;Suscripción;Cantidad/Usuario;12,8000;USD
Microsoft;Defender for O365 Plan 2 ;Suscripción;Cantidad/Usuario;11,7000;USD
Microsoft;Defender for O365 Plan 2 ;Suscripción;Cantidad/Usuario;12,1600;USD
Microsoft;Defender for O365 Plan 2 ;Suscripción;Cantidad/Usuario;83,2000;USD
Microsoft;Defender for O365 Plan 2 ;Suscripción;Cantidad/Usuario;12,1600;USD
Microsoft;Defender for O365 Plan 2 ;Suscripción;Cantidad/Usuario;7,8000;USD
Microsoft;Defender for O365 Plan 2 ;Suscripción;Cantidad/Usuario;7,8000;USD
Microsoft;Defender Identity Sub Per User;Suscripción;usuario;19,9800;USD
Microsoft;Defender Identity Sub Per User;Suscripción;usuario;20,9000;USD
Microsoft;Defender Identity Sub Per User;Suscripción;usuario;134,4000;BRL
Microsoft;Defender Identity Sub Per User;Suscripción;usuario;20,9000;USD
Microsoft;Defender Identity Sub Per User;Suscripción;usuario;13,3200;USD
Microsoft;Defender Identity Sub Per User;Suscripción;usuario;13,3200;USD
Microsoft;Defender Identity Sub Per User;Suscripción;usuario;17,6000;USD
Microsoft;Defender Identity Sub Per User;Suscripción;usuario;22,0000;USD
Microsoft;WinRmtDsktpSrvcsCAL ALNG LicSAPk MVL DvcCAL;Suscripción;Servidores;233,6900;BRL
Microsoft;WinRmtDsktpSrvcsCAL ALNG LicSAPk MVL DvcCAL;Suscripción;Servidores;84,7200;USD
Microsoft;WinRmtDsktpSrvcsCAL ALNG LicSAPk MVL DvcCAL;Suscripción;Servidores;42,9100;USD
Microsoft;WinRmtDsktpSrvcsCAL ALNG LicSAPk MVL DvcCAL;Suscripción;Servidores;42,3600;USD
Microsoft;WinRmtDsktpSrvcsCAL ALNG LicSAPk MVL DvcCAL;Suscripción;Servidores;42,3600;USD
Microsoft;Power Apps per User plan;Suscripción;Cantidad/Usuario;211,2000;USD
Microsoft;Power Automate RPA;Suscripción ;usuario;422,4000;USD
Microsoft;Power Automate RPA;Suscripción;usuario;422,4000;USD
Microsoft;Power Automate RPA;Suscripción;usuario;1931,4000;BRL
Microstrategy;Cloud Architect User;Suscripción;NAMED USER PLUS;1250,2500;USD
Microstrategy;Store User;Suscripción;Each light User Per Year;156,0000;USD
Nintex;Together Nintex Workflow Standard & Nintex Forms Standard Software Assurance;Suscripción;Cantidad/Usuario;23992060,0000;CLP
SAP; Ariba Sourcing;Suscripción;usuario;616,7600;USD
SAP;SAP Ariba Contracts;Suscripción;usuario;942,6300;USD
SAP;Ariba Supplier Lifecycle & Perf.;Suscripción;usuario;1261,2900;USD
SAP;Ariba Catalog;Suscripción;Cantidad Gastado (USD);83495,3200;USD
Thinkcell;Licencias Thinkcell;Suscripción;usuario;2124,8500;BRL
Veritas;NETBACKUP ENTERPRISE XPLAT 1 FRONT END TB ONPREMISE STANDARD SUBSCRIPTION + ESSENTIAL MAINTENANCE LICENSE RENEWAL 36MO CORPORATE;Suscripción;TeraBytes;549,0000;USD
Veritas;VERITAS ALTA DATA PROTECTION XPLAT 1 FRONT END TB STANDARD SUBSCRIPTION + ESSENTIAL MAINTENANCE LICENSE INITIAL 36MO CORPORATE;Suscripción;TeraBytes;549,0000;USD
Veritas;VERITAS ALTA DATA PROTECTION XPLAT 1 FRONT END TB STANDARD SUBSCRIPTION + ESSENTIAL MAINTENANCE CONVERSION FROM PERPETUAL LICENSE INITIAL 36MO CORPORATE;Suscripción;TeraBytes;549,0000;USD
Veritas;DATA INSIGHT PLUS CLOUD STORAGE XPLAT 1 TB ONPREMISE STANDARD SUBSCRIPTION + ESSENTIAL MAINTENANCE LICENSE INITIAL 36MO CORPORATE;Suscripción;TeraBytes;1147,0000;USD
Vmware;Tanzu CloudHealth;Suscripción;Cantidad Gastado (USD);158262,0000;USD
Trend;Deep Security - Network Security - per Server (VM);Perpétua;Servidores;51515,1000;CLP
Trend;Deep Discovery Inspector Model 1000 - 1Gbps ;Perpétua;Servidores;52000000,0000;ARS
Trend;Vision One Core – Apex SaaS ;Suscripción;No aplica;6764,3030;CLP
Trend;Email and Collaboration Core – Cloud App Security ;Suscripción;Cantidad/Usuario;5719,0900;CLP
Trend;Vision One Pro – Workload Security;Suscripción;No aplica;123071,0700;CLP
Asana;Licencia Asana Business;Suscripción;usuario;23,7400;USD
JAMF;JAMF PRO MAC;Suscripción;usuario;89,7800;USD
JAMF;JAMF CONNECT;Suscripción;usuario;29,6400;USD
Blue Prism;Licencias RPA;Suscripción;espacio de instalacion APP;9256,7000;USD
mimix;MIMIX 78AA920 Model: 42A-P9;Perpétua;Servidores;14185461,5000;CLP
mimix;MIMIX 78AA930 Model: 42A-P9;Perpétua;Servidores;14185461,5000;CLP
seattlelab;SLNET 500 sesiones concurrentes;Perpétua;TeraBytes;781200,0000;CLP
seattlelab;SL NET 6.3 (64bit);Perpétua;Servidores;325500,0000;CLP
zendesk;Zendesk;Suscripción;usuario;1214,6400;USD
zendesk;Zendesk;Suscripción;usuario;1232,8800;USD
automation anywhere;Bot Runner;Suscripción;usuario;5053,0000;USD
automation anywhere;Control Room;Suscripción;Cantidad/Usuario;18950,0000;USD
automation anywhere;Unattended Bot Runner;Suscripción;Cantidad/Usuario;8621,0000;
FAMOC;Famoc por dispositivo;Suscripción;Dispositivo;36,0000;USD
Gitlab;Gitlab premium;Suscripción;Cantidad/Usuario;347,0600;USD
hotjar;Hotjar;Suscripción;Servidores;118800,0000;USD
sketchup;Sketchup;Suscripción;Cantidad/Usuario;3241,0100;BRL
sketchup;Sketchup;Suscripción;Cantidad/Usuario;399,0000;USD
sketchup;Sketchup;Suscripción;Cantidad/Usuario;395,0000;USD
Serrala;CAS-D;Perpétua;No aplica;5610,4600;USD
Apple;Apple Developer Enterprise Program;Suscripción;usuario;299,0000;USD
Figma;Full Seat Enterprise;Suscripción;usuario;90,0000;USD
Figma;Dev seat Enterprise;Suscripción;usuario;35,0000;USD
Figma; Collab Seat Enterprise;Suscripción;usuario;60,0000;USD
Udemy;Udemy for Business Licenses;Suscripción;usuario;90,0000;USD
Udemy;Udemy for Business Licenses;Suscripción;usuario;80,0000;USD
AG Grid;Multiple Applications Grid Developer;Suscripción;usuario;721,0000;USD
BrowserStack;Web Testing Live Team;Suscripción;usuario;360,0000;USD
BrowserStack;App testing App Live Team;Suscripción;usuario;360,0000;USD
GEOVICTORIA;Geovictoria;Suscripción;Cantidad;198598440,0000;CLP
65bit;EasyCatalog - Single Versión Upgrade;Perpétua;usuario;324,7500;USD
Articulate Global, LLC;Articulate 360 Teams;Suscripción;usuario;1499,0000;USD
Tiny Technologies Inc.;Tiny Profesional;Suscripción;usuario;90,0000;USD
Oracle - Siebel;Siebel CRM Base - Application - User Perpetual;Perpétua;Servidores;834,6500;CLP
Oracle - Siebel;Siebel CTI - Application User Perpetual;Perpétua;Servidores;36,7000;CLP
Oracle - Siebel;Siebel Dynamic Catalog - Application User Perpetual;Perpétua;Servidores;16,2900;CLP
Oracle - Siebel;Siebel Email Marketing Server - Computer Perpetual;Perpétua;CPU Capacity;4213862,0000;CLP
Oracle - Siebel;Siebel Email Response - Application User Perpetual;Perpétua;Servidores;3,7700;CLP
Oracle - Siebel;Siebel Financial Accounts - Application User Perpetual;Perpétua;Servidores;39,5900;CLP
Oracle - Siebel;Oracle WebCenter Sites Satellite Server - Named User Plus Perpetual;Perpétua;Cantidad/Usuario;4321,0000;CLP
Oracle - Siebel;Oracle WebCenter Sites Satellite Server - Processor Perpetual;Perpétua;Socket o CPU;216049,0000;CLP
Oracle - Siebel;Siebel Loyalty Engine Multi-Partner Edition - 100K Member Records Perpetual;Perpétua;Servidores;593,0000;CLP
Oracle - Siebel;Siebel Loyalty Member Services Representative - Application User Perpetual;Perpétua;Servidores;4969,0000;CLP
Oracle - Siebel;Siebel Marketing Resource Manager - Application User Perpetual;Perpétua;Servidores;2938,7400;CLP
Oracle - Siebel;Oracle Business Intelligence Foundation Suite - Named User Plus Perpetual;Perpétua;NAMED USER PLUS;31760,0000;CLP
Oracle - Siebel;Oracle WebCenter Sites Mobile Option - Named User Plus Perpetual;Perpétua;Cantidad/Usuario;3457,0000;CLP
Oracle - Siebel;Oracle WebCenter Sites Mobile Option - Processor Perpetual;Perpétua;Socket o CPU;172840,0000;CLP
Oracle - Siebel;Oracle WebCenter Sites - Named User Plus Perpetual;Perpétua;Socket o CPU;17284,0000;CLP
Oracle - Siebel;Oracle WebCenter Sites - Processor Perpetual;Perpétua;Socket o CPU;864202,0000;CLP
Oracle - Siebel;Siebel Remote Client - Application User Perpetual;Perpétua;Servidores;4,6500;CLP
Oracle - Siebel;Siebel SmartScript - Application User Perpetual;Perpétua;Cantidad/Usuario;71,4100;CLP
Oracle - Siebel;Siebel Tools - Application User Perpetual;Perpétua;Servidores;1636,8400;CLP
Oracle - Siebel;Siebel Customer Order Management Administrator - Application User Perpetual;Perpétua;Servidores;3146874,0000;CLP
Oracle - Siebel;Siebel Email/Web Offer Designer - Application User Perpetual;Perpétua;Servidores;74586,4500;CLP
Oracle - Siebel;Siebel Customer Order Management Administration Server - Nonstandard User;Perpétua;Servidores;3768315,0000;CLP
Oracle - Siebel;Siebel Financial Services CRM Base Option - Application User Perpetual;Perpétua;Servidores;128,5200;CLP
Oracle - Siebel;Siebel Loyalty Manager - Application User Perpetual;Perpétua;Servidores;1075,3300;CLP
Oracle - Siebel;Siebel Marketing Server - unlimited records - Computer Perpetual;Perpétua;CPU Capacity;21070167,0000;CLP
Oracle - Siebel;Siebel Mobile - Application User Perpetual;Perpétua;Servidores;18,5300;CLP
Oracle - Siebel;Siebel Partner Manager - Application User Perpetual;Perpétua;Servidores;227,6500;CLP
Oracle - Siebel;Siebel Quote and Order Capture - Application User Perpetual;Perpétua;Servidores;17,1000;CLP
PortSwigger;Burp Suite Professional;Suscripción;usuario;475,0000;USD
Envato Elements Pty Ltd;Envato Elements;Suscripción;usuario;150,0000;USD
Envato Elements Pty Ltd;Envato Elements;Suscripción;usuario;708,0000;USD
Semrush;Semrush Suscripción Business;Suscripción;usuario;68966,5500;USD
RYTE GMBH;Ryte;Suscripción;Cantidad;31729,2000;USD
RYTE GMBH;Ryte;Suscripción;Cantidad;31729,0000;USD
Smartsheet;Licencias Smartsheet Business Plan - Paid User;Suscripción;usuario;348,0000;USD
Notion;Notion Plan Business;Suscripción;usuario;180,0000;USD
BAYMARD;Baymard Research;Suscripción;usuario;9500,0000;USD
Kahoot! ASA;Kahoot! 360 Pro;Suscripción;usuario;708,0000;USD
Cloudflare;Cloudflare;Suscripción;usuario;15398,9000;USD
Mentimeter;Mentimeter Pro;Suscripción;Cantidad/Usuario;156,0000;USD
Softguard;Softguard Ultra;Suscripción;Cantidad/Usuario;10490,0000;USD
Soti;SOTI MobiControl;Suscripción;Dispositivo;26,5200;USD
Canva;Canva for teams;Suscripción;Cantidad/Usuario;1520,0000;PEN
Canva;Canva for teams;Suscripción;Cantidad/Usuario;180000,0000;CLP
Parallels International GmbH.;Parallels Desktop for Mac Professional Edition;Suscripción;usuario;118,0000;USD
Parallels International GmbH.;Parallels Desktop for Mac Professional Edition;Suscripción;usuario;118,0000;USD
Sendgrid;Sendgrid;Suscripción;usuario;3648,0000;USD
VWO;VWO Testing & Mobile;Suscripción;Sesiones Disponibles;60000,0000;USD
Resguarda;Linea Etica;Suscripción;Cantidad/Usuario;42000,0000;USD
App Samurai INC;Storyly;Suscripción;Volumen de vistas (WebPage);192427,0000;USD
NEOSECURE;BTS;Suscripción;Transacciones Anuales;199992,0000;USD
NOVARED;CyberArk - Secure IT & Ops Users - Enterprise;Suscripción;Cantidad/Usuario;1170,0000;USD
NOVARED;CyberArk - Secure IT & Ops Users - Standard;Suscripción;Cantidad/Usuario;775,0000;USD
NOVARED;CyberArk Secrets Hub;Suscripción;Servidor Virtual;38400,0000;USD
NOVARED;CyberArk Addon Secrets Hub;Suscripción;Servidor Virtual;1765,0000;USD
SalesForce;Loyalty - Stogare/API Call/Pipeines;Suscripción;Transacciones Anuales;64820,0000;USD
QRFY;QRFY;Suscripción;Cantidad;147,0000;EUR
Bazaarvoice;Bazaarvoice;Suscripción;Servidor Virtual;87022,6500;USD
Datadog;Datadog;Suscripción;GB Blade month;456,0000;USD
SEON Technologies Lt;SEON ;Suscripción;Eventos por mes;315670,0000;USD
FORTRA;Powertech Exit Point Manager for IBM I - Primary Subscription;Perpétua;CPU Capacity;7043,4400;USD
TDI XCOM;CA-XCOM;Suscripción;usuario;2570,0000;USD
Acoustic;Demandtec;Suscripción;RUM (Revenue Under Managment);305081,0000;USD
Sonar;SonarQube;Suscripción;Dispositivo;64700,0000;USD
Zebra BI d.d.;Zebra BI for Power BI - Enterprise Plan;Suscripción;usuario;192,0000;USD
Office Timeline;Office Timeline Add-in Expert;Suscripción;usuario;271,6600;USD
Oracle- MFP;Merchandise Financial Planning;Suscripción;Core;127437909,0000;CLP
Ivanti Velocity;140-SUB-VELOCTE;Suscripción;usuario;118000,0000;CLP
Blue Yonder;Plataforma Catman Blue Yonder;Suscripción;Tarifa Plana (Flat Fee);252000,0000;USD
Blue Yonder;Plataforma Catman Blue Yonder - MH;Suscripción;Tarifa Plana (Flat Fee);174000,0000;USD
Blue Yonder;Plataforma Catman Blue Yonder - MH;Suscripción;Tarifa Plana (Flat Fee);174000,0000;USD
RunsOn;RunsOn - Premium Support;Suscripción;Tarifa Plana (Flat Fee);1750,0000;USD
DPARADIG;Gestor de Eventos;Suscripción;Recursos monitorizados;86955368,0000;CLP
DPARADIG;Visualización de Infraestructura de Redes;Suscripción;Recursos monitorizados;61451495,0000;CLP
Revionics;Price Optimization;Suscripción;Tarifa Plana (Flat Fee);353854,0000;USD
Revionics;Price Optimization;Suscripción;Tarifa Plana (Flat Fee);634864,0000;USD
Commercetools;Commercetools Inc.;Suscripción;Transacciones Anuales;1124775,0000;USD
Supermetrics OY;Business Lite package;Suscripción;datos cuantitativos;7500,0000;USD
XBREIN;Gbrein;Suscripción;Cantidad/Usuario;38038185,6000;CLP
XBREIN;Gbrein;Suscripción;Cantidad/Usuario;15849244,0000;CLP
Shift Labor;Shift Workforce Management;Suscripción;usuario;80476366,0000;CLP
Seidor Analytics;SNOWFLAKE;Suscripción;Por Definir;130000,0000;USD
INTEROP CHILE CONSULTORES DE;Direct Link for SAP;Suscripción;usuario;4627,3500;USD
INTEROP CHILE CONSULTORES DE;Starter Pack Plataforma Robots Enterprise y HighBond;Suscripción;usuario;27825,0000;USD
INTEROP CHILE CONSULTORES DE;Suscripción usuarios Professional;Suscripción;usuario;1283,4800;USD
Spreedly;BOVEDA DE TARJETAS;Suscripción;Transacciones Anuales;191546,0000;USD
Tdilatam;UC4;Suscripción;;67500,0000;USD
Elementor Ltd.;Elementor Pro - Advanced Solo;Suscripción;usuario;83,8800;USD
Custom IT;VEEAM;Perpétua;Servidores;44000,0000;USD
Synergy Consulting;ESET PROTECT ELITE;Suscripción;;63000,0000;USD
Optiv Security Inc;Delinea;Suscripción;;93494,7400;USD
